-- phpMyAdmin SQL Dump
-- version 4.8.4
-- https://www.phpmyadmin.net/
--
-- Host: 127.0.0.1
-- Waktu pembuatan: 26 Feb 2020 pada 06.31
-- Versi server: 10.1.37-MariaDB
-- Versi PHP: 7.3.1

SET SQL_MODE = "NO_AUTO_VALUE_ON_ZERO";
SET AUTOCOMMIT = 0;
START TRANSACTION;
SET time_zone = "+00:00";


/*!40101 SET @OLD_CHARACTER_SET_CLIENT=@@CHARACTER_SET_CLIENT */;
/*!40101 SET @OLD_CHARACTER_SET_RESULTS=@@CHARACTER_SET_RESULTS */;
/*!40101 SET @OLD_COLLATION_CONNECTION=@@COLLATION_CONNECTION */;
/*!40101 SET NAMES utf8mb4 */;

--
-- Database: `data_guru`
--

-- --------------------------------------------------------

--
-- Struktur dari tabel `failed_jobs`
--

CREATE TABLE `failed_jobs` (
  `id` bigint(20) UNSIGNED NOT NULL,
  `connection` text COLLATE utf8mb4_unicode_ci NOT NULL,
  `queue` text COLLATE utf8mb4_unicode_ci NOT NULL,
  `payload` longtext COLLATE utf8mb4_unicode_ci NOT NULL,
  `exception` longtext COLLATE utf8mb4_unicode_ci NOT NULL,
  `failed_at` timestamp NOT NULL DEFAULT CURRENT_TIMESTAMP
) ENGINE=InnoDB DEFAULT CHARSET=utf8mb4 COLLATE=utf8mb4_unicode_ci;

-- --------------------------------------------------------

--
-- Struktur dari tabel `guru`
--

CREATE TABLE `guru` (
  `id` int(11) NOT NULL,
  `id_sekolah` int(11) NOT NULL,
  `nip` varchar(100) NOT NULL,
  `nuptk` varchar(100) NOT NULL,
  `nama` varchar(200) NOT NULL,
  `tanggal_lahir` date NOT NULL,
  `id_pangkat` int(100) NOT NULL,
  `tmt_pangkat_terakhir` date NOT NULL,
  `target_naik_pangkat` int(11) NOT NULL,
  `kgb` date NOT NULL,
  `id_jabatan` int(11) NOT NULL
) ENGINE=InnoDB DEFAULT CHARSET=latin1;

--
-- Dumping data untuk tabel `guru`
--

INSERT INTO `guru` (`id`, `id_sekolah`, `nip`, `nuptk`, `nama`, `tanggal_lahir`, `id_pangkat`, `tmt_pangkat_terakhir`, `target_naik_pangkat`, `kgb`, `id_jabatan`) VALUES
(6, 102, '338674852796', '389998324021', 'Dimas Aristy', '1977-11-20', 7, '2017-03-24', 0, '2017-03-09', 5),
(8, 247, '315228121581', '385570412269', 'Alditio Dewi', '1959-10-20', 7, '2018-08-05', 0, '2019-08-19', 2),
(9, 240, '347076385371', '353436516203', 'Chaerul Adam Dinantika', '1967-05-22', 3, '2019-02-24', 0, '2017-09-23', 2),
(11, 159, '357646483599', '395305883926', 'Anas Haq', '1959-02-26', 5, '2017-05-17', 0, '2018-05-29', 5),
(12, 149, '316568668824', '315898854578', 'Mirza Falah', '1973-02-04', 1, '2018-05-28', 0, '2017-07-26', 2),
(13, 259, '331011314784', '323098709367', 'Andrie S', '1953-08-27', 7, '2019-01-03', 0, '2018-12-14', 5),
(14, 216, '315515412823', '369190461171', 'Deka Bisri', '1963-11-20', 1, '2018-11-12', 0, '2019-05-19', 4),
(15, 204, '368761461669', '319312289421', 'Romario Ryan Usra', '1974-07-23', 1, '2017-11-28', 0, '2018-09-01', 1),
(16, 207, '306266617663', '333917762054', 'Anas Haq', '1950-11-10', 7, '2018-02-07', 0, '2018-08-04', 4),
(17, 154, '319573309565', '354564457082', 'Ramanta Larashaty', '1979-01-03', 8, '2019-04-29', 0, '2019-09-10', 4),
(18, 31, '352989728778', '301002854960', 'Deka Bisri', '1973-10-31', 2, '2018-03-06', 0, '2017-04-05', 2),
(19, 37, '346726897119', '370386665195', 'Aprian Naenggolan', '1980-03-11', 8, '2019-02-25', 0, '2018-03-30', 1),
(20, 126, '355794231356', '388317579552', 'Firdaus Lukman Lestari', '1974-04-15', 2, '2019-06-02', 0, '2017-05-13', 2),
(21, 228, '333513091483', '333042595897', 'Azrul Ramanta Indriani', '1967-05-21', 4, '2017-12-23', 0, '2017-09-11', 4),
(22, 29, '324519895401', '328017188070', 'Sebastian Sigit Ulfania', '1983-08-04', 7, '2017-06-10', 0, '2019-03-14', 4),
(23, 231, '319917255157', '376211017511', 'Satrya Maulidah', '1978-01-22', 2, '2018-04-25', 0, '2017-05-24', 1),
(24, 234, '363964103540', '398212177722', 'Romario Ryan Usra', '1983-04-19', 5, '2018-04-12', 0, '2018-05-07', 5),
(25, 155, '319491191506', '362456331341', 'Anas Haq', '1954-06-03', 9, '2019-12-20', 0, '2020-02-07', 4),
(26, 129, '337493977031', '360851853981', 'Haikal Rompas', '1966-11-27', 2, '2017-06-13', 0, '2017-12-18', 1),
(27, 82, '390472872701', '398968394649', 'Aprian Naenggolan', '1951-03-06', 9, '2018-07-16', 0, '2019-11-17', 1),
(28, 285, '328770964354', '317459900553', 'Syahid Rahman', '1952-01-07', 8, '2017-12-20', 0, '2019-03-21', 5),
(29, 279, '357658033646', '390230691915', 'Fahlian Izhar Prayogi', '1952-08-21', 5, '2019-04-23', 0, '2018-11-30', 2),
(30, 216, '374946482408', '376010845039', 'Aprian Naenggolan', '1982-12-10', 6, '2019-09-01', 0, '2018-05-30', 2),
(31, 167, '349629397566', '321721551285', 'Mark Zahra', '1969-09-17', 4, '2017-10-24', 0, '2017-12-28', 2),
(32, 37, '12312', '12321', 'Test', '1955-09-29', 9, '2020-02-26', 0, '2017-03-09', 4),
(33, 37, 'asdasd', 'asdasd', 'Test1', '2002-11-20', 2, '2020-01-27', 0, '2020-02-19', 5),
(34, 37, '213', '12312', 'asdsad', '1959-10-20', 1, '2020-02-26', 1, '2017-03-27', 1),
(35, 37, '213123', '123123', 'test99', '1989-01-10', 1, '2020-02-26', 4, '2020-02-14', 1);

-- --------------------------------------------------------

--
-- Struktur dari tabel `jabatan`
--

CREATE TABLE `jabatan` (
  `id` int(11) NOT NULL,
  `nama_jabatan` varchar(50) NOT NULL
) ENGINE=InnoDB DEFAULT CHARSET=latin1;

--
-- Dumping data untuk tabel `jabatan`
--

INSERT INTO `jabatan` (`id`, `nama_jabatan`) VALUES
(1, 'guru'),
(2, 'tu'),
(4, 'Kepala Sekolah'),
(5, 'Kepala Tu');

-- --------------------------------------------------------

--
-- Struktur dari tabel `kecamatan`
--

CREATE TABLE `kecamatan` (
  `id` int(11) NOT NULL,
  `id_kota` int(11) NOT NULL,
  `nama_kecamatan` varchar(100) NOT NULL
) ENGINE=InnoDB DEFAULT CHARSET=latin1;

--
-- Dumping data untuk tabel `kecamatan`
--

INSERT INTO `kecamatan` (`id`, `id_kota`, `nama_kecamatan`) VALUES
(4, 3, 'Cimahi Selatan'),
(5, 3, 'Cimahi Utara'),
(6, 1, 'Pasteur'),
(7, 1, 'Andir'),
(8, 3, 'Cimahi Tengah'),
(9, 13, 'Cimahi Selatan');

-- --------------------------------------------------------

--
-- Struktur dari tabel `kelurahan`
--

CREATE TABLE `kelurahan` (
  `id` int(11) NOT NULL,
  `id_kecamatan` int(11) NOT NULL,
  `nama_kelurahan` varchar(100) NOT NULL
) ENGINE=InnoDB DEFAULT CHARSET=latin1;

--
-- Dumping data untuk tabel `kelurahan`
--

INSERT INTO `kelurahan` (`id`, `id_kecamatan`, `nama_kelurahan`) VALUES
(8, 4, 'Utama'),
(9, 6, 'Lekong'),
(10, 6, 'Cipaganti');

-- --------------------------------------------------------

--
-- Struktur dari tabel `kota`
--

CREATE TABLE `kota` (
  `id` int(11) NOT NULL,
  `nama_kota` varchar(100) NOT NULL
) ENGINE=InnoDB DEFAULT CHARSET=latin1;

--
-- Dumping data untuk tabel `kota`
--

INSERT INTO `kota` (`id`, `nama_kota`) VALUES
(1, 'Bandung'),
(3, 'Cimahi'),
(4, 'Cirebon'),
(10, 'Bekasi'),
(11, 'Malang'),
(13, 'karawang');

-- --------------------------------------------------------

--
-- Struktur dari tabel `migrations`
--

CREATE TABLE `migrations` (
  `id` int(10) UNSIGNED NOT NULL,
  `migration` varchar(191) COLLATE utf8mb4_unicode_ci NOT NULL,
  `batch` int(11) NOT NULL
) ENGINE=InnoDB DEFAULT CHARSET=utf8mb4 COLLATE=utf8mb4_unicode_ci;

--
-- Dumping data untuk tabel `migrations`
--

INSERT INTO `migrations` (`id`, `migration`, `batch`) VALUES
(1, '2014_10_12_000000_create_users_table', 1),
(2, '2014_10_12_100000_create_password_resets_table', 1),
(3, '2019_08_19_000000_create_failed_jobs_table', 1);

-- --------------------------------------------------------

--
-- Struktur dari tabel `pangkat`
--

CREATE TABLE `pangkat` (
  `id` int(11) NOT NULL,
  `nama_pangkat` varchar(50) NOT NULL
) ENGINE=InnoDB DEFAULT CHARSET=latin1;

--
-- Dumping data untuk tabel `pangkat`
--

INSERT INTO `pangkat` (`id`, `nama_pangkat`) VALUES
(1, 'Penata Muda'),
(2, 'Penata Muda tingkat I'),
(3, 'Penata'),
(4, 'Penata Tingkat I'),
(5, 'Pembina'),
(6, 'Pembina Tingkat I'),
(7, 'Pembina Utama Muda'),
(8, 'Pembina Utama Madya'),
(9, 'Pembina Utama');

-- --------------------------------------------------------

--
-- Struktur dari tabel `password_resets`
--

CREATE TABLE `password_resets` (
  `email` varchar(191) COLLATE utf8mb4_unicode_ci NOT NULL,
  `token` varchar(191) COLLATE utf8mb4_unicode_ci NOT NULL,
  `created_at` timestamp NULL DEFAULT NULL
) ENGINE=InnoDB DEFAULT CHARSET=utf8mb4 COLLATE=utf8mb4_unicode_ci;

-- --------------------------------------------------------

--
-- Struktur dari tabel `sekolah`
--

CREATE TABLE `sekolah` (
  `id` int(11) NOT NULL,
  `nama_sekolah` varchar(100) NOT NULL,
  `kota` varchar(200) NOT NULL,
  `kecamatan` varchar(200) NOT NULL,
  `kelurahan` varchar(200) NOT NULL,
  `alamat` text,
  `koordinat` varchar(100) NOT NULL,
  `jenjang` enum('SMA','SMK','SLB','') NOT NULL
) ENGINE=InnoDB DEFAULT CHARSET=latin1;

--
-- Dumping data untuk tabel `sekolah`
--

INSERT INTO `sekolah` (`id`, `nama_sekolah`, `kota`, `kecamatan`, `kelurahan`, `alamat`, `koordinat`, `jenjang`) VALUES
(27, 'SMK KABUPATEN BANDUNG 1', 'KABUPATEN BANDUNG', 'RANCABALI', 'SUKARESMI', 'Dk. Otista No. 801', '0.7287998647051821', 'SMK'),
(28, 'SMA KABUPATEN BANDUNG 1', 'KABUPATEN BANDUNG', 'RANCAEKEK', 'SUKAMULYA', 'Jln. Thamrin No. 122', '0.7147345991781273', 'SMA'),
(29, 'SLB KOTA CIMAHI 1', 'KOTA CIMAHI', 'CIMAHI UTARA', 'PASIRKALIKI', 'Ds. Gedebage Selatan No. 569', '0.1789709110539046', 'SLB'),
(30, 'SMK KOTA CIMAHI 161', 'KOTA CIMAHI', 'CIMAHI TENGAH', 'BAROS', 'Gg. Cemara No. 889', '0.6293785351166719', 'SMK'),
(31, 'SMK KOTA CIMAHI 21', 'KOTA CIMAHI', 'CIMAHI UTARA', 'CITEUREUP', 'Ds. Basuki Rahmat  No. 43', '0.1583395520397024', 'SMK'),
(32, 'SMA KABUPATEN BANDUNG BARAT 31', 'KABUPATEN BANDUNG BARAT', 'CIPEUNDEUY', 'SIRNAGALIH', 'Ds. Honggowongso No. 234', '0.22816115557963723', 'SMA'),
(33, 'SLB KABUPATEN BANDUNG 7', 'KABUPATEN BANDUNG', 'CILEUNYI', 'CINUNUK', 'Jln. Thamrin No. 122', '0.9223083733449817', 'SLB'),
(34, 'SMK KABUPATEN BANDUNG 8', 'KABUPATEN BANDUNG', 'CILENGKRANG', 'MELATIWANGI', 'Kpg. K.H. Maskur No. 929', '0.3512278049119888', 'SMK'),
(35, 'SLB KABUPATEN BANDUNG 7', 'KABUPATEN BANDUNG', 'NAGREG', 'GANJAR SABAR', 'Ki. Sutan Syahrir No. 998', '0.8958936962029673', 'SLB'),
(36, 'SMK KOTA BANDUNG 12', 'KOTA BANDUNG', 'CIDADAP', 'HEGARMANAH', 'Ki. Lumban Tobing No. 29', '0.3393237964715945', 'SMK'),
(37, 'SMK KOTA CIMAHI 1', 'KOTA CIMAHI', 'CIMAHI TENGAH', 'BAROS', 'Gg. Pasir Koja No. 24', '0.9324306963713356', 'SMK'),
(38, 'SMK KABUPATEN BANDUNG 8', 'KABUPATEN BANDUNG', 'CILENGKRANG', 'CIPOREAT', 'Gg. Ekonomi No. 1', '0.5318346344053475', 'SMK'),
(39, 'SMA KABUPATEN BANDUNG 15', 'KABUPATEN BANDUNG', 'KUTAWARINGIN', 'CILAME', 'Gg. Asia Afrika No. 781', '0.6270690145576858', 'SMA'),
(40, 'SMK KABUPATEN BANDUNG 12', 'KABUPATEN BANDUNG', 'RANCABALI', 'CIPELAH', 'Ki. Baik No. 853', '0.3192661682731981', 'SMK'),
(41, 'SMK KOTA CIMAHI 9', 'KOTA CIMAHI', 'CIMAHI TENGAH', 'SETIAMANAH', 'Jr. Ters. Buah Batu No. 61', '0.5555975928627763', 'SMK'),
(42, 'SMK KABUPATEN BANDUNG 1', 'KABUPATEN BANDUNG', 'NAGREG', 'GANJAR SABAR', 'Gg. Bappenas No. 31', '0.6378805427474761', 'SMK'),
(43, 'SLB KOTA BANDUNG 1', 'KOTA BANDUNG', 'BUAHBATU', 'CIJAURA', 'Ki. Lumban Tobing No. 29', '0.8891552914850367', 'SLB'),
(44, 'SMK KOTA BANDUNG 17', 'KOTA BANDUNG', 'BATUNUNGGAL', 'CIBANGKONG', 'Jr. Ters. Buah Batu No. 61', '0.2769713336940125', 'SMK'),
(45, 'SLB KABUPATEN BANDUNG 3', 'KABUPATEN BANDUNG', 'SOREANG', 'PAMEKARAN', 'Jln. Thamrin No. 122', '0.5750033228809726', 'SLB'),
(46, 'SMA KABUPATEN BANDUNG 15', 'KABUPATEN BANDUNG', 'CIMAUNG', 'PASIRHUNI', 'Kpg. K.H. Maskur No. 299', '0.9744852025422635', 'SMA'),
(47, 'SMA KABUPATEN BANDUNG 14', 'KABUPATEN BANDUNG', 'BANJARAN', 'KAMASAN', 'Dk. Sutami No. 850', '0.1305650181274347', 'SMA'),
(49, 'SLB KOTA BANDUNG 4', 'KOTA BANDUNG', 'ASTANAANYAR', 'KARASAK', 'Gg. Ekonomi No. 1', '0.3832182355705047', 'SLB'),
(50, 'SLB KABUPATEN BANDUNG 13', 'KABUPATEN BANDUNG', 'PASIRJAMBU', 'SUGIHMUKTI', 'Kpg. Kalimantan No. 210', '0.13750080721631663', 'SLB'),
(51, 'SMA KABUPATEN BANDUNG BARAT 9', 'KABUPATEN BANDUNG BARAT', 'CIKALONG WETAN', 'CIPADA', 'Jr. Ters. Buah Batu No. 61', '0.13631492213052288', 'SMA'),
(52, 'SMK KOTA BANDUNG 10', 'KOTA BANDUNG', 'ASTANAANYAR', 'KARANG ANYAR', 'Jln. Fajar No. 60', '0.02783308189157241', 'SMK'),
(56, 'SMK KABUPATEN BANDUNG 7', 'KABUPATEN BANDUNG', 'CIKANCUNG', 'TANJUNGLAYA', 'Gg. Bappenas No. 31', '0.7142897515680244', 'SMK'),
(57, 'SMA KABUPATEN BANDUNG 14', 'KABUPATEN BANDUNG', 'SOLOKAN JERUK', 'SOLOKANJERUK', 'Ds. Gedebage Selatan No. 569', '0.4071460824022486', 'SMA'),
(58, 'SLB KABUPATEN BANDUNG BARAT 3', 'KABUPATEN BANDUNG BARAT', 'NGAMPRAH', 'CIMAREME', 'Kpg. Kalimantan No. 210', '0.75597885796078', 'SLB'),
(59, 'SLB KOTA BANDUNG 13', 'KOTA BANDUNG', 'BOJONGLOA KIDUL', 'CIBADUYUT WETAN', 'Gg. Bappenas No. 31', '0.41776789735237596', 'SLB'),
(60, 'SMA KABUPATEN BANDUNG BARAT 13', 'KABUPATEN BANDUNG BARAT', 'CIPONGKOR', 'CITALEM', 'Kpg. Kalimantan No. 210', '0.9100996663367413', 'SMA'),
(61, 'SMK KOTA CIMAHI 9', 'KOTA CIMAHI', 'CIMAHI TENGAH', 'SETIAMANAH', 'Ki. Lumban Tobing No. 29', '0.17426731944120677', 'SMK'),
(62, 'SLB KABUPATEN BANDUNG BARAT 20', 'KABUPATEN BANDUNG BARAT', 'CIHAMPELAS', 'CITAPEN', 'Psr. Sunaryo No. 429', '0.6947738651715929', 'SLB'),
(63, 'SLB KOTA BANDUNG 10', 'KOTA BANDUNG', 'SUKASARI', 'SARIJADI', 'Ds. Basuki Rahmat  No. 43', '0.9628184191673221', 'SLB'),
(64, 'SMA KABUPATEN BANDUNG 17', 'KABUPATEN BANDUNG', 'PACET', 'NAGRAK', 'Gg. Pasir Koja No. 24', '0.7953779797967429', 'SMA'),
(65, 'SLB KOTA CIMAHI 20', 'KOTA CIMAHI', 'CIMAHI TENGAH', 'BAROS', 'Dk. Sutami No. 850', '0.6637134020170949', 'SLB'),
(66, 'SMA KOTA CIMAHI 4', 'KOTA CIMAHI', 'CIMAHI TENGAH', 'KARANGMEKAR', 'Ds. Basuki Rahmat  No. 43', '0.7911112099696436', 'SMA'),
(67, 'SMA KABUPATEN BANDUNG BARAT 2', 'KABUPATEN BANDUNG BARAT', 'CIPONGKOR', 'CIJAMBU', 'Kpg. K.H. Maskur No. 299', '0.545122725063117', 'SMA'),
(68, 'SMA KABUPATEN BANDUNG 11', 'KABUPATEN BANDUNG', 'CIPARAY', 'GUNUNGLEUTIK', 'Gg. Pasir Koja No. 24', '0.2295827522161369', 'SMA'),
(69, 'SLB KOTA CIMAHI 17', 'KOTA CIMAHI', 'CIMAHI UTARA', 'CIPAGERAN', 'Gg. Cemara No. 889', '0.5940801763235479', 'SLB'),
(70, 'SLB KABUPATEN BANDUNG 12', 'KABUPATEN BANDUNG', 'PASEH', 'KARANGTUNGGAL', 'Ki. Sutan Syahrir No. 998', '0.4976343008904065', 'SLB'),
(71, 'SLB KOTA CIMAHI 16', 'KOTA CIMAHI', 'CIMAHI TENGAH', 'CIMAHI', 'Gg. Bappenas No. 31', '0.8060903373427868', 'SLB'),
(72, 'SMA KABUPATEN BANDUNG BARAT 16', 'KABUPATEN BANDUNG BARAT', 'CILILIN', 'BONGAS', 'Gg. Flores No. 790', '0.2515327558215339', 'SMA'),
(73, 'SLB KOTA CIMAHI 15', 'KOTA CIMAHI', 'CIMAHI TENGAH', 'BAROS', 'Jln. Thamrin No. 122', '0.34004799444022704', 'SLB'),
(74, 'SMA KABUPATEN BANDUNG 2', 'KABUPATEN BANDUNG', 'BOJONGSOANG', 'BOJONGSARI', 'Jr. Ters. Buah Batu No. 61', '0.9781181670122563', 'SMA'),
(75, 'SLB KABUPATEN BANDUNG 20', 'KABUPATEN BANDUNG', 'PASEH', 'DRAWATI', 'Gg. Asia Afrika No. 781', '0.1854479554354056', 'SLB'),
(76, 'SMA KABUPATEN BANDUNG 4', 'KABUPATEN BANDUNG', 'RANCAEKEK', 'SUKAMULYA', 'Gg. Flores No. 790', '0.5192730025779246', 'SMA'),
(77, 'SLB KOTA BANDUNG 12', 'KOTA BANDUNG', 'BOJONGLOA KALER', 'KOPO', 'Ds. Honggowongso No. 234', '0.14105166459069185', 'SLB'),
(78, 'SMK KOTA BANDUNG 18', 'KOTA BANDUNG', 'UJUNG BERUNG', 'PASIR ENDAH', 'Dk. Sutami No. 850', '0.6181093613604534', 'SMK'),
(79, 'SMA KABUPATEN BANDUNG 4', 'KABUPATEN BANDUNG', 'CIKANCUNG', 'TANJUNGLAYA', 'Ds. Gedebage Selatan No. 569', '0.9292790322190287', 'SMA'),
(80, 'SMK KABUPATEN BANDUNG BARAT 6', 'KABUPATEN BANDUNG BARAT', 'PARONGPONG', 'CIHANJUANG RAHAYU', 'Ki. Lumban Tobing No. 29', '0.39891847434551186', 'SMK'),
(81, 'SMK KABUPATEN BANDUNG 20', 'KABUPATEN BANDUNG', 'MAJALAYA', 'PADAMULYA', 'Ds. Honggowongso No. 234', '0.9573435226624445', 'SMK'),
(82, 'SLB KOTA CIMAHI 14', 'KOTA CIMAHI', 'CIMAHI TENGAH', 'CIMAHI', 'Dk. Otista No. 801', '0.8419199660494014', 'SLB'),
(83, 'SMK KABUPATEN BANDUNG 6', 'KABUPATEN BANDUNG', 'DAYEUHKOLOT', 'CANGKUANG KULON', 'Ds. Basuki Rahmat  No. 43', '0.7146359180717183', 'SMK'),
(84, 'SLB KOTA BANDUNG 10', 'KOTA BANDUNG', 'BOJONGLOA KALER', 'BABAKAN TAROGONG', 'Ki. Sutan Syahrir No. 998', '0.45226859937670394', 'SLB'),
(85, 'SLB KABUPATEN BANDUNG 20', 'KABUPATEN BANDUNG', 'MARGAHAYU', 'SULAEMAN', 'Gg. Flores No. 790', '0.07479133064692145', 'SLB'),
(86, 'SLB KABUPATEN BANDUNG 1', 'KABUPATEN BANDUNG', 'CIPARAY', 'BABAKAN', 'Psr. Sunaryo No. 429', '0.2257874633184429', 'SLB'),
(87, 'SMA KABUPATEN BANDUNG 4', 'KABUPATEN BANDUNG', 'MARGAHAYU', 'MARGAHAYU TENGAH', 'Jln. Fajar No. 60', '0.8800990401554598', 'SMA'),
(88, 'SMK KOTA CIMAHI 17', 'KOTA CIMAHI', 'CIMAHI UTARA', 'CITEUREUP', 'Ki. Badak No. 198', '0.7582432354924105', 'SMK'),
(89, 'SLB KABUPATEN BANDUNG 8', 'KABUPATEN BANDUNG', 'BANJARAN', 'CIAPUS', 'Gg. Bakin No. 797', '0.2715042536538159', 'SLB'),
(91, 'SMK KABUPATEN BANDUNG BARAT 1', 'KABUPATEN BANDUNG BARAT', 'CISARUA', 'SADANGMEKAR', 'Ki. Baik No. 853', '0.8227013795760301', 'SMK'),
(92, 'SMK KABUPATEN BANDUNG BARAT 8', 'KABUPATEN BANDUNG BARAT', 'NGAMPRAH', 'CILAME', 'Kpg. K.H. Maskur No. 299', '0.84046933099558', 'SMK'),
(93, 'SLB KABUPATEN BANDUNG BARAT 16', 'KABUPATEN BANDUNG BARAT', 'LEMBANG', 'CIBOGO', 'Ki. Sutan Syahrir No. 998', '0.499545964654059', 'SLB'),
(94, 'SLB KOTA CIMAHI 13', 'KOTA CIMAHI', 'CIMAHI UTARA', 'CIBABAT', 'Gg. Bappenas No. 31', '0.6253018201742249', 'SLB'),
(95, 'SLB KABUPATEN BANDUNG BARAT 9', 'KABUPATEN BANDUNG BARAT', 'LEMBANG', 'PAGERWANGI', 'Gg. Ekonomi No. 1', '0.923018242048222', 'SLB'),
(96, 'SLB KABUPATEN BANDUNG 12', 'KABUPATEN BANDUNG', 'CILENGKRANG', 'MELATIWANGI', 'Dk. Otista No. 801', '0.2354037879446551', 'SLB'),
(97, 'SMA KABUPATEN BANDUNG 18', 'KABUPATEN BANDUNG', 'IBUN', 'CIBEET', 'Ds. Honggowongso No. 234', '0.6007303405491249', 'SMA'),
(98, 'SMA KABUPATEN BANDUNG 15', 'KABUPATEN BANDUNG', 'CANGKUANG', 'CANGKUANG', 'Ki. Badak No. 198', '0.5492047189822729', 'SMA'),
(99, 'SMK KABUPATEN BANDUNG 19', 'KABUPATEN BANDUNG', 'CIMAUNG', 'CAMPAKAMULYA', 'Jln. Fajar No. 60', '0.4243525332313802', 'SMK'),
(100, 'SMK KABUPATEN BANDUNG 14', 'KABUPATEN BANDUNG', 'PASIRJAMBU', 'CIKONENG', 'Ds. Gedebage Selatan No. 569', '0.8281918626592353', 'SMK'),
(101, 'SMA KABUPATEN BANDUNG BARAT 8', 'KABUPATEN BANDUNG BARAT', 'CIPATAT', 'KERTAMUKTI', 'Ki. Lumban Tobing No. 29', '0.15871231616347603', 'SMA'),
(102, 'SMK KABUPATEN BANDUNG 10', 'KABUPATEN BANDUNG', 'BALEENDAH', 'JELEKONG', 'Gg. Pasir Koja No. 24', '0.09289942721565647', 'SMK'),
(103, 'SMK KABUPATEN BANDUNG BARAT 15', 'KABUPATEN BANDUNG BARAT', 'NGAMPRAH', 'CILAME', 'Gg. Bappenas No. 31', '0.16792846684405172', 'SMK'),
(104, 'SMA KABUPATEN BANDUNG 5', 'KABUPATEN BANDUNG', 'PANGALENGAN', 'WANASUKA', 'Ki. Baik No. 853', '0.83783482023902', 'SMA'),
(105, 'SLB KABUPATEN BANDUNG 11', 'KABUPATEN BANDUNG', 'CILEUNYI', 'CILEUNYI WETAN', 'Jln. Pacuan Kuda No. 972', '0.6074673938678408', 'SLB'),
(106, 'SMA KABUPATEN BANDUNG 6', 'KABUPATEN BANDUNG', 'DAYEUHKOLOT', 'SUKAPURA', 'Ds. Gedebage Selatan No. 569', '0.5484880026733583', 'SMA'),
(107, 'SLB KABUPATEN BANDUNG 11', 'KABUPATEN BANDUNG', 'KERTASARI', 'NEGLAWANGI', 'Dk. Otista No. 801', '0.9101688458974317', 'SLB'),
(108, 'SMA KABUPATEN BANDUNG 3', 'KABUPATEN BANDUNG', 'RANCABALI', 'ALAMENDAH', 'Gg. Asia Afrika No. 781', '0.528888412110204', 'SMA'),
(110, 'SMK KOTA CIMAHI 18', 'KOTA CIMAHI', 'CIMAHI TENGAH', 'SETIAMANAH', 'Ds. Basuki Rahmat  No. 43', '0.4616884218241393', 'SMK'),
(111, 'SMK KABUPATEN BANDUNG 2', 'KABUPATEN BANDUNG', 'PAMEUNGPEUK', 'BOJONGKUNCI', 'Jln. Fajar No. 60', '0.49620450729940035', 'SMK'),
(112, 'SLB KOTA BANDUNG 13', 'KOTA BANDUNG', 'ASTANAANYAR', 'PANJUNAN', 'Kpg. K.H. Maskur No. 929', '0.4382214787946448', 'SLB'),
(113, 'SLB KABUPATEN BANDUNG 7', 'KABUPATEN BANDUNG', 'CIKANCUNG', 'SRIRAHAYU', 'Jr. Ters. Buah Batu No. 61', '0.8657454753547438', 'SLB'),
(114, 'SMK KOTA CIMAHI 19', 'KOTA CIMAHI', 'CIMAHI UTARA', 'CIBABAT', 'Jln. Thamrin No. 122', '0.6213939241991442', 'SMK'),
(115, 'SLB KOTA CIMAHI 16', 'KOTA CIMAHI', 'CIMAHI TENGAH', 'CIMAHI', 'Ds. Honggowongso No. 234', '0.7505266296126629', 'SLB'),
(116, 'SLB KOTA BANDUNG 19', 'KOTA BANDUNG', 'CINAMBO', 'CISARANTEN WETAN', 'Ds. Gedebage Selatan No. 569', '0.3531792658502795', 'SLB'),
(117, 'SMA KOTA CIMAHI 5', 'KOTA CIMAHI', 'CIMAHI TENGAH', 'CIMAHI', 'Gg. Bappenas No. 31', '0.8559448558320877', 'SMA'),
(118, 'SLB KOTA CIMAHI 17', 'KOTA CIMAHI', 'CIMAHI UTARA', 'CITEUREUP', 'Jln. Pacuan Kuda No. 972', '0.9806378565998144', 'SLB'),
(119, 'SMA KOTA CIMAHI 19', 'KOTA CIMAHI', 'CIMAHI TENGAH', 'CIMAHI', 'Jln. Bakti No. 999', '0.49296649145247295', 'SMA'),
(120, 'SMA KABUPATEN BANDUNG 6', 'KABUPATEN BANDUNG', 'CIKANCUNG', 'HEGARMANAH', 'Gg. Asia Afrika No. 781', '0.969694210194437', 'SMA'),
(121, 'SMA KOTA CIMAHI 19', 'KOTA CIMAHI', 'CIMAHI TENGAH', 'CIGUGUR TENGAH', 'Ds. Gedebage Selatan No. 569', '0.8540173984986397', 'SMA'),
(122, 'SMA KOTA BANDUNG 1', 'KOTA BANDUNG', 'CINAMBO', 'PAKEMITAN', 'Ki. Baik No. 853', '0.8654230281181041', 'SMA'),
(123, 'SLB KOTA CIMAHI 10', 'KOTA CIMAHI', 'CIMAHI TENGAH', 'BAROS', 'Psr. Sunaryo No. 429', '0.8243665791556452', 'SLB'),
(124, 'SLB KOTA BANDUNG 9', 'KOTA BANDUNG', 'SUKASARI', 'SUKARASA', 'Gg. Ekonomi No. 1', '0.5216908749576252', 'SLB'),
(125, 'SMK KOTA BANDUNG 5', 'KOTA BANDUNG', 'BANDUNG KIDUL', 'BATUNUNGGAL', 'Gg. Bappenas No. 31', '0.6174972124976383', 'SMK'),
(126, 'SMK KABUPATEN BANDUNG 19', 'KABUPATEN BANDUNG', 'KATAPANG', 'PANGAUBAN', 'Jln. Fajar No. 60', '0.7738526299296031', 'SMK'),
(127, 'SMK KABUPATEN BANDUNG 2', 'KABUPATEN BANDUNG', 'SOLOKAN JERUK', 'SOLOKANJERUK', 'Ds. Honggowongso No. 234', '0.3209042520731169', 'SMK'),
(128, 'SMA KABUPATEN BANDUNG 10', 'KABUPATEN BANDUNG', 'CICALENGKA', 'CIKUYA', 'Ds. Honggowongso No. 234', '0.5213459642369354', 'SMA'),
(129, 'SLB KABUPATEN BANDUNG 17', 'KABUPATEN BANDUNG', 'MARGAHAYU', 'MARGAHAYU SELATAN', 'Kpg. K.H. Maskur No. 929', '0.43687692821269186', 'SLB'),
(130, 'SLB KABUPATEN BANDUNG 15', 'KABUPATEN BANDUNG', 'SOLOKAN JERUK', 'PADAMUKTI', 'Dk. Otista No. 801', '0.6907957599795997', 'SLB'),
(131, 'SLB KABUPATEN BANDUNG 6', 'KABUPATEN BANDUNG', 'ARJASARI', 'PINGGIRSARI', 'Ki. Lumban Tobing No. 29', '0.5513870932310505', 'SLB'),
(132, 'SLB KOTA CIMAHI 6', 'KOTA CIMAHI', 'CIMAHI UTARA', 'CIPAGERAN', 'Kpg. K.H. Maskur No. 299', '0.7677195327974569', 'SLB'),
(133, 'SMA KOTA BANDUNG 1', 'KOTA BANDUNG', 'MANDALAJATI', 'KARANG PAMULANG', 'Gg. Asia Afrika No. 781', '0.34146979809159217', 'SMA'),
(134, 'SMK KABUPATEN BANDUNG 2', 'KABUPATEN BANDUNG', 'CILEUNYI', 'CILEUNYI WETAN', 'Gg. Ekonomi No. 1', '0.11561889531080682', 'SMK'),
(135, 'SMA KABUPATEN BANDUNG BARAT 18', 'KABUPATEN BANDUNG BARAT', 'CIPEUNDEUY', 'NANGGELENG', 'Psr. Sunaryo No. 429', '0.7565115029062386', 'SMA'),
(136, 'SLB KOTA BANDUNG 14', 'KOTA BANDUNG', 'CIBEUNYING KALER', 'CIHAURGEULIS', 'Ds. Honggowongso No. 234', '0.27550115012437115', 'SLB'),
(137, 'SLB KABUPATEN BANDUNG 17', 'KABUPATEN BANDUNG', 'MARGAHAYU', 'SULAEMAN', 'Jln. Pacuan Kuda No. 972', '0.41937557289905514', 'SLB'),
(138, 'SLB KABUPATEN BANDUNG 4', 'KABUPATEN BANDUNG', 'SOREANG', 'SUKAJADI', 'Jln. Fajar No. 60', '0.3031713402805627', 'SLB'),
(139, 'SMK KOTA BANDUNG 16', 'KOTA BANDUNG', 'CIBEUNYING KIDUL', 'CICADAS', 'Gg. Asia Afrika No. 781', '0.9428102626667771', 'SMK'),
(140, 'SMK KABUPATEN BANDUNG 9', 'KABUPATEN BANDUNG', 'PACET', 'PANGAUBAN', 'Jr. Ters. Buah Batu No. 61', '0.6309113080517601', 'SMK'),
(141, 'SMA KABUPATEN BANDUNG 12', 'KABUPATEN BANDUNG', 'CILEUNYI', 'CIMEKAR', 'Jln. Bakti No. 999', '0.7830756987682939', 'SMA'),
(142, 'SMK KABUPATEN BANDUNG BARAT 17', 'KABUPATEN BANDUNG BARAT', 'CISARUA', 'PASIRHALANG', 'Jln. Pacuan Kuda No. 972', '0.16862828534073948', 'SMK'),
(143, 'SMK KOTA CIMAHI 7', 'KOTA CIMAHI', 'CIMAHI UTARA', 'PASIRKALIKI', 'Dk. Otista No. 801', '0.6884283422361328', 'SMK'),
(144, 'SMK KABUPATEN BANDUNG BARAT 19', 'KABUPATEN BANDUNG BARAT', 'SINDANGKERTA', 'PASIRPOGOR', 'Ds. Basuki Rahmat  No. 43', '0.025257199484406856', 'SMK'),
(145, 'SMK KOTA BANDUNG 14', 'KOTA BANDUNG', 'CIBEUNYING KALER', 'CIGADUNG', 'Ds. Basuki Rahmat  No. 43', '0.7095291157416763', 'SMK'),
(146, 'SMK KABUPATEN BANDUNG 9', 'KABUPATEN BANDUNG', 'PACET', 'TANJUNGWANGI', 'Dk. Sutami No. 850', '0.09779631317980986', 'SMK'),
(147, 'SMA KABUPATEN BANDUNG 10', 'KABUPATEN BANDUNG', 'BALEENDAH', 'JELEKONG', 'Kpg. K.H. Maskur No. 929', '0.2403733745332104', 'SMA'),
(148, 'SMK KABUPATEN BANDUNG 19', 'KABUPATEN BANDUNG', 'RANCAEKEK', 'BOJONGLOA', 'Gg. Ekonomi No. 1', '0.587228067900456', 'SMK'),
(149, 'SLB KABUPATEN BANDUNG 7', 'KABUPATEN BANDUNG', 'SOLOKAN JERUK', 'PANYADAP', 'Jln. Pacuan Kuda No. 972', '0.18143171837371908', 'SLB'),
(150, 'SMK KABUPATEN BANDUNG 9', 'KABUPATEN BANDUNG', 'BANJARAN', 'BANJARAN WETAN', 'Gg. Flores No. 790', '0.6060524436715398', 'SMK'),
(151, 'SMK KABUPATEN BANDUNG 10', 'KABUPATEN BANDUNG', 'SOREANG', 'PAMEKARAN', 'Psr. Sunaryo No. 429', '0.8825495137999115', 'SMK'),
(152, 'SLB KABUPATEN BANDUNG 17', 'KABUPATEN BANDUNG', 'SOLOKAN JERUK', 'PANYADAP', 'Gg. Pasir Koja No. 24', '0.8293770488304832', 'SLB'),
(153, 'SLB KOTA CIMAHI 17', 'KOTA CIMAHI', 'CIMAHI TENGAH', 'CIGUGUR TENGAH', 'Dk. Otista No. 801', '0.3494747195513519', 'SLB'),
(154, 'SMA KABUPATEN BANDUNG BARAT 15', 'KABUPATEN BANDUNG BARAT', 'PARONGPONG', 'CIWARUGA', 'Ki. Sutan Syahrir No. 998', '0.09358224112184765', 'SMA'),
(155, 'SMK KABUPATEN BANDUNG BARAT 15', 'KABUPATEN BANDUNG BARAT', 'GUNUNGHALU', 'CILANGARI', 'Gg. Ekonomi No. 1', '0.0025684758586044243', 'SMK'),
(156, 'SLB KOTA CIMAHI 14', 'KOTA CIMAHI', 'CIMAHI UTARA', 'PASIRKALIKI', 'Jln. Pacuan Kuda No. 972', '0.10400036459531825', 'SLB'),
(157, 'SMA KABUPATEN BANDUNG BARAT 17', 'KABUPATEN BANDUNG BARAT', 'BATUJAJAR', 'PANGAUBAN', 'Jln. Pacuan Kuda No. 972', '0.3059283108025963', 'SMA'),
(158, 'SMA KOTA BANDUNG 17', 'KOTA BANDUNG', 'ASTANAANYAR', 'KARASAK', 'Ds. Honggowongso No. 234', '0.09192239369010125', 'SMA'),
(159, 'SLB KABUPATEN BANDUNG 13', 'KABUPATEN BANDUNG', 'BANJARAN', 'CIAPUS', 'Ki. Baik No. 853', '0.8452217116466065', 'SLB'),
(160, 'SLB KABUPATEN BANDUNG 1', 'KABUPATEN BANDUNG', 'PACET', 'SUKARAME', 'Gg. Cemara No. 889', '0.6489273708789023', 'SLB'),
(161, 'SMA KABUPATEN BANDUNG 4', 'KABUPATEN BANDUNG', 'CILEUNYI', 'CIBIRU WETAN', 'Jr. Ters. Buah Batu No. 61', '0.08558740378673835', 'SMA'),
(162, 'SLB KOTA CIMAHI 3', 'KOTA CIMAHI', 'CIMAHI TENGAH', 'CIGUGUR TENGAH', 'Kpg. K.H. Maskur No. 299', '0.7494759642369706', 'SLB'),
(163, 'SMK KOTA BANDUNG 3', 'KOTA BANDUNG', 'PANYILEUKAN', 'MEKAR MULYA', 'Jln. Pacuan Kuda No. 972', '0.8037522499607033', 'SMK'),
(164, 'SMA KABUPATEN BANDUNG 17', 'KABUPATEN BANDUNG', 'PASEH', 'LOA', 'Ki. Badak No. 198', '0.026555730435936287', 'SMA'),
(165, 'SLB KABUPATEN BANDUNG 12', 'KABUPATEN BANDUNG', 'SOREANG', 'SUKAJADI', 'Gg. Asia Afrika No. 781', '0.535692800545152', 'SLB'),
(166, 'SLB KOTA BANDUNG 15', 'KOTA BANDUNG', 'SUKASARI', 'SARIJADI', 'Kpg. K.H. Maskur No. 929', '0.5120914582653937', 'SLB'),
(167, 'SMK KABUPATEN BANDUNG 16', 'KABUPATEN BANDUNG', 'CILEUNYI', 'CIBIRU HILIR', 'Gg. Flores No. 790', '0.906159343127132', 'SMK'),
(168, 'SLB KABUPATEN BANDUNG BARAT 10', 'KABUPATEN BANDUNG BARAT', 'LEMBANG', 'CIBODAS', 'Dk. Sutami No. 850', '0.39115379164886677', 'SLB'),
(169, 'SMA KABUPATEN BANDUNG 11', 'KABUPATEN BANDUNG', 'KUTAWARINGIN', 'GAJAHMEKAR', 'Ki. Badak No. 198', '0.9979824151284813', 'SMA'),
(170, 'SMA KABUPATEN BANDUNG 4', 'KABUPATEN BANDUNG', 'CICALENGKA', 'DAMPIT', 'Gg. Pasir Koja No. 24', '0.1164187421742886', 'SMA'),
(171, 'SMA KABUPATEN BANDUNG BARAT 20', 'KABUPATEN BANDUNG BARAT', 'SINDANGKERTA', 'RANCA SENGGANG', 'Jr. Ters. Buah Batu No. 61', '0.501868276354261', 'SMA'),
(172, 'SMA KABUPATEN BANDUNG 9', 'KABUPATEN BANDUNG', 'PAMEUNGPEUK', 'SUKASARI', 'Gg. Pasir Koja No. 24', '0.3281310923111409', 'SMA'),
(173, 'SMA KABUPATEN BANDUNG BARAT 7', 'KABUPATEN BANDUNG BARAT', 'NGAMPRAH', 'CIMANGGU', 'Ds. Honggowongso No. 234', '0.5807900294803545', 'SMA'),
(174, 'SMA KOTA BANDUNG 2', 'KOTA BANDUNG', 'CICENDO', 'SUKARAJA', 'Ki. Baik No. 853', '0.04946769528450368', 'SMA'),
(175, 'SMA KOTA CIMAHI 4', 'KOTA CIMAHI', 'CIMAHI TENGAH', 'BAROS', 'Ki. Baik No. 853', '0.542010154184567', 'SMA'),
(176, 'SLB KOTA BANDUNG 10', 'KOTA BANDUNG', 'BOJONGLOA KIDUL', 'CIBADUYUT', 'Jln. Bakti No. 999', '0.4689365525089215', 'SLB'),
(177, 'SMA KABUPATEN BANDUNG 19', 'KABUPATEN BANDUNG', 'SOLOKAN JERUK', 'CIBODAS', 'Jln. Thamrin No. 122', '0.5238514245214265', 'SMA'),
(178, 'SLB KABUPATEN BANDUNG 9', 'KABUPATEN BANDUNG', 'PAMEUNGPEUK', 'BOJONGKUNCI', 'Kpg. Kalimantan No. 210', '0.18950398743849162', 'SLB'),
(179, 'SLB KOTA BANDUNG 3', 'KOTA BANDUNG', 'CICENDO', 'PASIRKALIKI', 'Ki. Baik No. 853', '0.10961138085265532', 'SLB'),
(180, 'SMK KOTA BANDUNG 16', 'KOTA BANDUNG', 'COBLONG', 'SEKELOA', 'Kpg. K.H. Maskur No. 299', '0.11479684149846503', 'SMK'),
(181, 'SMK KABUPATEN BANDUNG BARAT 20', 'KABUPATEN BANDUNG BARAT', 'CIHAMPELAS', 'TANJUNGJAYA', 'Ds. Gedebage Selatan No. 569', '0.05140836457210063', 'SMK'),
(182, 'SMK KABUPATEN BANDUNG 11', 'KABUPATEN BANDUNG', 'MARGAHAYU', 'SUKAMENAK', 'Ki. Baik No. 853', '0.831783866441201', 'SMK'),
(183, 'SMA KOTA BANDUNG 3', 'KOTA BANDUNG', 'BOJONGLOA KALER', 'BABAKAN TAROGONG', 'Jln. Fajar No. 60', '0.06315270062994238', 'SMA'),
(184, 'SMA KOTA BANDUNG 18', 'KOTA BANDUNG', 'CIBEUNYING KIDUL', 'SUKAPADA', 'Gg. Bakin No. 797', '0.265334797578485', 'SMA'),
(185, 'SLB KOTA BANDUNG 10', 'KOTA BANDUNG', 'SUKAJADI', 'CIPEDES', 'Ki. Sutan Syahrir No. 998', '0.48990271343438696', 'SLB'),
(186, 'SLB KOTA CIMAHI 19', 'KOTA CIMAHI', 'CIMAHI TENGAH', 'SETIAMANAH', 'Psr. Sunaryo No. 429', '0.6355910268385605', 'SLB'),
(187, 'SMA KABUPATEN BANDUNG BARAT 5', 'KABUPATEN BANDUNG BARAT', 'CIKALONG WETAN', 'CISOMANG BARAT', 'Jr. Ters. Buah Batu No. 61', '0.07338898624615031', 'SMA'),
(188, 'SLB KOTA CIMAHI 18', 'KOTA CIMAHI', 'CIMAHI UTARA', 'CIBABAT', 'Psr. Sunaryo No. 429', '0.4120724787140133', 'SLB'),
(189, 'SLB KOTA BANDUNG 18', 'KOTA BANDUNG', 'RANCASARI', 'DERWATI', 'Jln. Fajar No. 60', '0.7936011260750164', 'SLB'),
(190, 'SMK KABUPATEN BANDUNG 19', 'KABUPATEN BANDUNG', 'RANCABALI', 'PATENGAN', 'Ki. Badak No. 198', '0.5057228916031171', 'SMK'),
(191, 'SLB KOTA BANDUNG 1', 'KOTA BANDUNG', 'GEDEBAGE', 'CIMINCRANG', 'Gg. Cemara No. 889', '0.5908630433607773', 'SLB'),
(192, 'SMA KABUPATEN BANDUNG 14', 'KABUPATEN BANDUNG', 'MARGAASIH', 'MEKAR RAHAYU', 'Psr. Sunaryo No. 429', '0.28695022180427565', 'SMA'),
(193, 'SMK KABUPATEN BANDUNG 11', 'KABUPATEN BANDUNG', 'KATAPANG', 'CILAMPENI', 'Ki. Lumban Tobing No. 29', '0.9775680431445879', 'SMK'),
(194, 'SLB KOTA BANDUNG 18', 'KOTA BANDUNG', 'BABAKAN CIPARAY', 'SUKAHAJI', 'Ki. Lumban Tobing No. 29', '0.11562111058387425', 'SLB'),
(195, 'SMA KOTA CIMAHI 15', 'KOTA CIMAHI', 'CIMAHI UTARA', 'PASIRKALIKI', 'Jln. Bakti No. 999', '0.13839885674521146', 'SMA'),
(196, 'SMA KABUPATEN BANDUNG BARAT 20', 'KABUPATEN BANDUNG BARAT', 'PADALARANG', 'LAKSANAMEKAR', 'Ki. Badak No. 198', '0.22524401917691472', 'SMA'),
(197, 'SMA KABUPATEN BANDUNG BARAT 8', 'KABUPATEN BANDUNG BARAT', 'NGAMPRAH', 'CIMAREME', 'Dk. Sutami No. 850', '0.8687849654264608', 'SMA'),
(198, 'SMA KABUPATEN BANDUNG 7', 'KABUPATEN BANDUNG', 'PASIRJAMBU', 'TENJOLAYA', 'Gg. Flores No. 790', '0.2867006481474459', 'SMA'),
(199, 'SLB KABUPATEN BANDUNG BARAT 11', 'KABUPATEN BANDUNG BARAT', 'PADALARANG', 'JAYAMEKAR', 'Dk. Otista No. 801', '0.3941174959018232', 'SLB'),
(200, 'SMK KABUPATEN BANDUNG BARAT 1', 'KABUPATEN BANDUNG BARAT', 'LEMBANG', 'SUKAJAYA', 'Gg. Bakin No. 797', '0.8365509135690532', 'SMK'),
(201, 'SMK KABUPATEN BANDUNG 3', 'KABUPATEN BANDUNG', 'SOREANG', 'SUKAJADI', 'Ki. Lumban Tobing No. 29', '0.9095634575940799', 'SMK'),
(202, 'SLB KOTA BANDUNG 13', 'KOTA BANDUNG', 'ASTANAANYAR', 'KARASAK', 'Jln. Bakti No. 999', '0.6216942017661442', 'SLB'),
(203, 'SMA KABUPATEN BANDUNG 13', 'KABUPATEN BANDUNG', 'PANGALENGAN', 'MARGAMEKAR', 'Psr. Sunaryo No. 429', '0.9788496866780827', 'SMA'),
(204, 'SMA KOTA BANDUNG 8', 'KOTA BANDUNG', 'ANTAPANI', 'ANTAPANI KULON', 'Gg. Ekonomi No. 1', '0.3610586269607394', 'SMA'),
(205, 'SLB KABUPATEN BANDUNG 6', 'KABUPATEN BANDUNG', 'CIKANCUNG', 'CIKANCUNG', 'Ki. Lumban Tobing No. 29', '0.6085825230965811', 'SLB'),
(206, 'SMK KABUPATEN BANDUNG BARAT 14', 'KABUPATEN BANDUNG BARAT', 'LEMBANG', 'SUKAJAYA', 'Jln. Thamrin No. 122', '0.9830514382329303', 'SMK'),
(207, 'SLB KABUPATEN BANDUNG 16', 'KABUPATEN BANDUNG', 'KATAPANG', 'GANDASARI', 'Jln. Pacuan Kuda No. 972', '0.5774605911008439', 'SLB'),
(208, 'SMA KABUPATEN BANDUNG 15', 'KABUPATEN BANDUNG', 'MARGAHAYU', 'SUKAMENAK', 'Ki. Baik No. 853', '0.7499729571724414', 'SMA'),
(209, 'SLB KOTA BANDUNG 10', 'KOTA BANDUNG', 'MANDALAJATI', 'KARANG PAMULANG', 'Kpg. K.H. Maskur No. 299', '0.9401416150140138', 'SLB'),
(210, 'SMA KOTA BANDUNG 15', 'KOTA BANDUNG', 'BABAKAN CIPARAY', 'SUKAHAJI', 'Jr. Ters. Buah Batu No. 61', '0.6205271676542676', 'SMA'),
(211, 'SMK KOTA BANDUNG 18', 'KOTA BANDUNG', 'BABAKAN CIPARAY', 'SUKAHAJI', 'Ki. Baik No. 853', '0.9533155392782466', 'SMK'),
(212, 'SMA KABUPATEN BANDUNG 7', 'KABUPATEN BANDUNG', 'DAYEUHKOLOT', 'PASAWAHAN', 'Ki. Sutan Syahrir No. 998', '0.7698795441583981', 'SMA'),
(213, 'SMA KOTA CIMAHI 15', 'KOTA CIMAHI', 'CIMAHI TENGAH', 'BAROS', 'Gg. Ekonomi No. 1', '0.1002725993345337', 'SMA'),
(214, 'SLB KABUPATEN BANDUNG BARAT 13', 'KABUPATEN BANDUNG BARAT', 'GUNUNGHALU', 'TAMANJAYA', 'Gg. Asia Afrika No. 781', '0.9862760078814647', 'SLB'),
(215, 'SLB KABUPATEN BANDUNG 2', 'KABUPATEN BANDUNG', 'KERTASARI', 'NEGLAWANGI', 'Ki. Badak No. 198', '0.2065210197217493', 'SLB'),
(216, 'SMA KABUPATEN BANDUNG BARAT 9', 'KABUPATEN BANDUNG BARAT', 'CIPONGKOR', 'KARANGSARI', 'Gg. Pasir Koja No. 24', '0.14787010895649288', 'SMA'),
(217, 'SMA KABUPATEN BANDUNG 15', 'KABUPATEN BANDUNG', 'NAGREG', 'GANJAR SABAR', 'Kpg. K.H. Maskur No. 929', '0.7969979524009618', 'SMA'),
(218, 'SMA KOTA BANDUNG 17', 'KOTA BANDUNG', 'CIBEUNYING KIDUL', 'CIKUTRA', 'Jln. Bakti No. 999', '0.7974945353497007', 'SMA'),
(219, 'SLB KABUPATEN BANDUNG BARAT 7', 'KABUPATEN BANDUNG BARAT', 'PARONGPONG', 'CIHIDEUNG', 'Ds. Gedebage Selatan No. 569', '0.3066290399207272', 'SLB'),
(220, 'SMK KABUPATEN BANDUNG 8', 'KABUPATEN BANDUNG', 'KUTAWARINGIN', 'CILAME', 'Gg. Flores No. 790', '0.027820711275080345', 'SMK'),
(221, 'SLB KOTA CIMAHI 19', 'KOTA CIMAHI', 'CIMAHI TENGAH', 'SETIAMANAH', 'Ds. Basuki Rahmat  No. 43', '0.17456691624365428', 'SLB'),
(222, 'SMA KOTA CIMAHI 8', 'KOTA CIMAHI', 'CIMAHI TENGAH', 'PADASUKA', 'Gg. Cemara No. 889', '0.3368336422568341', 'SMA'),
(223, 'SLB KABUPATEN BANDUNG 14', 'KABUPATEN BANDUNG', 'SOLOKAN JERUK', 'PANYADAP', 'Dk. Sutami No. 850', '0.004765306276850234', 'SLB'),
(224, 'SMK KOTA CIMAHI 17', 'KOTA CIMAHI', 'CIMAHI TENGAH', 'BAROS', 'Jln. Bakti No. 999', '0.38792382715618134', 'SMK'),
(225, 'SLB KABUPATEN BANDUNG 7', 'KABUPATEN BANDUNG', 'BANJARAN', 'CIAPUS', 'Dk. Otista No. 801', '0.09212337743861765', 'SLB'),
(226, 'SLB KABUPATEN BANDUNG 2', 'KABUPATEN BANDUNG', 'RANCABALI', 'SUKARESMI', 'Gg. Ekonomi No. 1', '0.3125268114217976', 'SLB'),
(227, 'SLB KABUPATEN BANDUNG 11', 'KABUPATEN BANDUNG', 'MARGAASIH', 'MARGAASIH', 'Ki. Baik No. 853', '0.8950422595242395', 'SLB'),
(228, 'SLB KABUPATEN BANDUNG BARAT 1', 'KABUPATEN BANDUNG BARAT', 'PARONGPONG', 'CIGUGUR GIRANG', 'Gg. Cemara No. 889', '0.7725002105557457', 'SLB'),
(229, 'SMA KOTA CIMAHI 6', 'KOTA CIMAHI', 'CIMAHI TENGAH', 'SETIAMANAH', 'Jln. Pacuan Kuda No. 972', '0.3600994514393774', 'SMA'),
(230, 'SLB KABUPATEN BANDUNG 19', 'KABUPATEN BANDUNG', 'CANGKUANG', 'JATISARI', 'Dk. Otista No. 801', '0.5119877650793812', 'SLB'),
(231, 'SLB KABUPATEN BANDUNG BARAT 16', 'KABUPATEN BANDUNG BARAT', 'SINDANGKERTA', 'PASIRPOGOR', 'Gg. Pasir Koja No. 24', '0.29342034359799585', 'SLB'),
(232, 'SMK KABUPATEN BANDUNG 11', 'KABUPATEN BANDUNG', 'CANGKUANG', 'TANJUNGSARI', 'Gg. Bappenas No. 31', '0.9833119887025816', 'SMK'),
(233, 'SMK KABUPATEN BANDUNG 3', 'KABUPATEN BANDUNG', 'SOLOKAN JERUK', 'BOJONGEMAS', 'Ds. Basuki Rahmat  No. 43', '0.23723953556957622', 'SMK'),
(234, 'SMA KABUPATEN BANDUNG 11', 'KABUPATEN BANDUNG', 'BALEENDAH', 'MALAKASARI', 'Ki. Sutan Syahrir No. 998', '0.3027007507448023', 'SMA'),
(235, 'SLB KOTA CIMAHI 10', 'KOTA CIMAHI', 'CIMAHI UTARA', 'CIBABAT', 'Jr. Ters. Buah Batu No. 61', '0.011716088074592124', 'SLB'),
(236, 'SLB KOTA BANDUNG 2', 'KOTA BANDUNG', 'PANYILEUKAN', 'CIPADUNG KIDUL', 'Jln. Pacuan Kuda No. 972', '0.0678263689369647', 'SLB'),
(237, 'SLB KOTA CIMAHI 7', 'KOTA CIMAHI', 'CIMAHI TENGAH', 'BAROS', 'Jln. Thamrin No. 122', '0.5364090694115091', 'SLB'),
(238, 'SMA KOTA BANDUNG 5', 'KOTA BANDUNG', 'COBLONG', 'CIPAGANTI', 'Ds. Basuki Rahmat  No. 43', '0.010095720042228029', 'SMA'),
(239, 'SLB KABUPATEN BANDUNG 17', 'KABUPATEN BANDUNG', 'PASEH', 'CIGENTUR', 'Dk. Otista No. 801', '0.17535748048120592', 'SLB'),
(240, 'SMK KOTA BANDUNG 15', 'KOTA BANDUNG', 'CIBIRU', 'PASIR BIRU', 'Jln. Pacuan Kuda No. 972', '0.7462552004733993', 'SMK'),
(241, 'SLB KOTA CIMAHI 10', 'KOTA CIMAHI', 'CIMAHI TENGAH', 'CIGUGUR TENGAH', 'Jln. Pacuan Kuda No. 972', '0.06821356171125581', 'SLB'),
(242, 'SLB KOTA BANDUNG 8', 'KOTA BANDUNG', 'BABAKAN CIPARAY', 'CIRANGRANG', 'Kpg. K.H. Maskur No. 929', '0.41670069179714564', 'SLB'),
(243, 'SMA KOTA BANDUNG 4', 'KOTA BANDUNG', 'UJUNG BERUNG', 'CIGENDING', 'Ds. Basuki Rahmat  No. 43', '0.449993421754612', 'SMA'),
(244, 'SLB KOTA CIMAHI 13', 'KOTA CIMAHI', 'CIMAHI TENGAH', 'BAROS', 'Jln. Fajar No. 60', '0.27040423980138684', 'SLB'),
(245, 'SMK KABUPATEN BANDUNG BARAT 12', 'KABUPATEN BANDUNG BARAT', 'SINDANGKERTA', 'PUNCAKSARI', 'Psr. Sunaryo No. 429', '0.12142239050579495', 'SMK'),
(246, 'SMK KOTA BANDUNG 9', 'KOTA BANDUNG', 'SUMUR BANDUNG', 'BABAKAN CIAMIS', 'Kpg. K.H. Maskur No. 929', '0.1046699347398441', 'SMK'),
(247, 'SLB KABUPATEN BANDUNG 9', 'KABUPATEN BANDUNG', 'BANJARAN', 'TARAJUSARI', 'Ki. Badak No. 198', '0.5979904371444753', 'SLB'),
(248, 'SLB KABUPATEN BANDUNG 5', 'KABUPATEN BANDUNG', 'PASEH', 'CIPAKU', 'Ds. Basuki Rahmat  No. 43', '0.4794793903354453', 'SLB'),
(249, 'SMA KABUPATEN BANDUNG 9', 'KABUPATEN BANDUNG', 'CIMAUNG', 'MALASARI', 'Jln. Fajar No. 60', '0.8571797049174539', 'SMA'),
(250, 'SLB KABUPATEN BANDUNG BARAT 2', 'KABUPATEN BANDUNG BARAT', 'CISARUA', 'PADAASIH', 'Kpg. K.H. Maskur No. 299', '0.9382358840721885', 'SLB'),
(251, 'SMK KOTA CIMAHI 19', 'KOTA CIMAHI', 'CIMAHI UTARA', 'CIPAGERAN', 'Jln. Thamrin No. 122', '0.98321706043488', 'SMK'),
(252, 'SLB KABUPATEN BANDUNG 20', 'KABUPATEN BANDUNG', 'PANGALENGAN', 'MARGAMEKAR', 'Ki. Sutan Syahrir No. 998', '0.6907707395419795', 'SLB'),
(253, 'SLB KABUPATEN BANDUNG 8', 'KABUPATEN BANDUNG', 'KATAPANG', 'CILAMPENI', 'Ki. Badak No. 198', '0.037578930595378424', 'SLB'),
(254, 'SMA KOTA BANDUNG 14', 'KOTA BANDUNG', 'ARCAMANIK', 'CISARANTEN KULON', 'Kpg. Kalimantan No. 210', '0.6322098032012675', 'SMA'),
(255, 'SLB KABUPATEN BANDUNG 16', 'KABUPATEN BANDUNG', 'SOLOKAN JERUK', 'BOJONGEMAS', 'Gg. Ekonomi No. 1', '0.49269871005196175', 'SLB'),
(256, 'SLB KABUPATEN BANDUNG 18', 'KABUPATEN BANDUNG', 'PAMEUNGPEUK', 'SUKASARI', 'Jln. Fajar No. 60', '0.0018166583099796796', 'SLB'),
(257, 'SMA KABUPATEN BANDUNG BARAT 9', 'KABUPATEN BANDUNG BARAT', 'CISARUA', 'PADAASIH', 'Kpg. K.H. Maskur No. 299', '0.6260763166835068', 'SMA'),
(258, 'SLB KABUPATEN BANDUNG 16', 'KABUPATEN BANDUNG', 'IBUN', 'CIBEET', 'Gg. Asia Afrika No. 781', '0.38218165669645954', 'SLB'),
(259, 'SMA KABUPATEN BANDUNG 11', 'KABUPATEN BANDUNG', 'PAMEUNGPEUK', 'BOJONGKUNCI', 'Gg. Asia Afrika No. 781', '0.4718649328545883', 'SMA'),
(260, 'SMK KOTA CIMAHI 20', 'KOTA CIMAHI', 'CIMAHI TENGAH', 'CIGUGUR TENGAH', 'Gg. Flores No. 790', '0.1658076652698286', 'SMK'),
(261, 'SMK KOTA CIMAHI 10', 'KOTA CIMAHI', 'CIMAHI UTARA', 'PASIRKALIKI', 'Dk. Sutami No. 850', '0.8708927808802882', 'SMK'),
(262, 'SMA KOTA BANDUNG 4', 'KOTA BANDUNG', 'SUMUR BANDUNG', 'BABAKAN CIAMIS', 'Jln. Pacuan Kuda No. 972', '0.9443838307575092', 'SMA'),
(263, 'SMA KABUPATEN BANDUNG 1', 'KABUPATEN BANDUNG', 'PASEH', 'CIPEDES', 'Gg. Asia Afrika No. 781', '0.9533545688601837', 'SMA'),
(264, 'SMA KABUPATEN BANDUNG BARAT 7', 'KABUPATEN BANDUNG BARAT', 'CIPONGKOR', 'NEGLASARI', 'Dk. Sutami No. 850', '0.6310814426251863', 'SMA'),
(265, 'SMA KOTA BANDUNG 1', 'KOTA BANDUNG', 'CIDADAP', 'CIUMBULEUIT', 'Gg. Bappenas No. 31', '0.7595542477782389', 'SMA'),
(266, 'SMK KOTA BANDUNG 4', 'KOTA BANDUNG', 'BANDUNG WETAN', 'TAMAN SARI', 'Jln. Bakti No. 999', '0.15716763337194006', 'SMK'),
(267, 'SMK KOTA BANDUNG 8', 'KOTA BANDUNG', 'CICENDO', 'ARJUNA', 'Jln. Fajar No. 60', '0.6596141566821296', 'SMK'),
(268, 'SMK KOTA BANDUNG 10', 'KOTA BANDUNG', 'KIARACONDONG', 'KEBUN JAYANTI', 'Ki. Lumban Tobing No. 29', '0.23093809737056015', 'SMK'),
(269, 'SMK KOTA BANDUNG 12', 'KOTA BANDUNG', 'REGOL', 'CIATEUL', 'Kpg. K.H. Maskur No. 299', '0.012457617954825917', 'SMK'),
(270, 'SMK KABUPATEN BANDUNG 3', 'KABUPATEN BANDUNG', 'BANJARAN', 'NEGLASARI', 'Jln. Thamrin No. 122', '0.5790549356349004', 'SMK'),
(271, 'SLB KOTA CIMAHI 7', 'KOTA CIMAHI', 'CIMAHI TENGAH', 'PADASUKA', 'Dk. Otista No. 801', '0.6547186676925554', 'SLB'),
(272, 'SMA KOTA BANDUNG 3', 'KOTA BANDUNG', 'BABAKAN CIPARAY', 'MARGASUKA', 'Ds. Gedebage Selatan No. 569', '0.8035633069319341', 'SMA'),
(273, 'SMA KOTA BANDUNG 12', 'KOTA BANDUNG', 'ANTAPANI', 'ANTAPANI KULON', 'Ds. Basuki Rahmat  No. 43', '0.7776285446144564', 'SMA'),
(274, 'SMA KABUPATEN BANDUNG 3', 'KABUPATEN BANDUNG', 'KERTASARI', 'SUKAPURA', 'Dk. Otista No. 801', '0.9269035901930984', 'SMA'),
(275, 'SLB KABUPATEN BANDUNG 13', 'KABUPATEN BANDUNG', 'BALEENDAH', 'JELEKONG', 'Gg. Pasir Koja No. 24', '0.49574055455343635', 'SLB'),
(276, 'SLB KABUPATEN BANDUNG 8', 'KABUPATEN BANDUNG', 'CILEUNYI', 'CIBIRU HILIR', 'Gg. Bappenas No. 31', '0.3074484787695382', 'SLB'),
(277, 'SMK KOTA CIMAHI 17', 'KOTA CIMAHI', 'CIMAHI UTARA', 'CIBABAT', 'Gg. Pasir Koja No. 24', '0.1199214124832606', 'SMK'),
(278, 'SMA KABUPATEN BANDUNG BARAT 20', 'KABUPATEN BANDUNG BARAT', 'LEMBANG', 'JAYAGIRI', 'Gg. Ekonomi No. 1', '0.9780671795488391', 'SMA'),
(279, 'SMK KABUPATEN BANDUNG 18', 'KABUPATEN BANDUNG', 'RANCABALI', 'CIPELAH', 'Ki. Lumban Tobing No. 29', '0.9906248624403389', 'SMK'),
(280, 'SMK KABUPATEN BANDUNG BARAT 9', 'KABUPATEN BANDUNG BARAT', 'CISARUA', 'PASIRHALANG', 'Gg. Flores No. 790', '0.43953318787318385', 'SMK'),
(281, 'SMA KABUPATEN BANDUNG 14', 'KABUPATEN BANDUNG', 'MAJALAYA', 'BOJONG', 'Dk. Sutami No. 850', '0.8281911962204418', 'SMA'),
(282, 'SLB KABUPATEN BANDUNG 18', 'KABUPATEN BANDUNG', 'CANGKUANG', 'JATISARI', 'Ds. Honggowongso No. 234', '0.16292358076974756', 'SLB'),
(283, 'SMK KOTA BANDUNG 2', 'KOTA BANDUNG', 'ANTAPANI', 'ANTAPANI TENGAH', 'Gg. Flores No. 790', '0.684047207810422', 'SMK'),
(284, 'SMA KABUPATEN BANDUNG 7', 'KABUPATEN BANDUNG', 'CICALENGKA', 'WALUYA', NULL, '0.9433147520558431', 'SMA'),
(285, 'SLB KOTA BANDUNG 17', 'KOTA BANDUNG', 'RANCASARI', 'DERWATI', NULL, '0.048061063914529356', 'SLB'),
(286, 'SMA BANDUNG KIDUL 16', 'KOTA BANDUNG', 'BANDUNG KIDUL', 'WATES', NULL, '0.014693254747286444', 'SMA'),
(287, 'SMA ANDIR 2', 'KOTA BANDUNG', 'ANDIR', 'CAMPAKA', NULL, '0.7602391127536261', 'SMA'),
(288, 'SMA CIMAHI SELATAN 2', 'KOTA CIMAHI', 'CIMAHI SELATAN', 'UTAMA', NULL, '0.11961419215074254', 'SMA'),
(289, 'SMA CIMAUNG 15', 'KABUPATEN BANDUNG', 'CIMAUNG', 'CIKALONG', NULL, '0.959374823954156', 'SMA'),
(290, 'SMA CIPEUNDEUY 16', 'KABUPATEN BANDUNG BARAT', 'CIPEUNDEUY', 'JATIMEKAR', NULL, '0.09915047939562083', 'SMA'),
(291, 'SMA SINDANGKERTA 12', 'KABUPATEN BANDUNG BARAT', 'SINDANGKERTA', 'CIKADU', NULL, '0.061972137376740566', 'SMA'),
(292, 'SMA CIMAHI SELATAN 18', 'KOTA CIMAHI', 'CIMAHI SELATAN', 'MELONG', NULL, '0.14871999269455372', 'SMA'),
(293, 'SMA CIMAHI SELATAN 1', 'KOTA CIMAHI', 'CIMAHI SELATAN', 'MELONG', NULL, '0.9082617479559039', 'SMA'),
(294, 'SMA CISARUA 17', 'KABUPATEN BANDUNG BARAT', 'CISARUA', 'SADANGMEKAR', NULL, '0.2245963847388175', 'SMA'),
(295, 'SMA KIARACONDONG 4', 'KOTA BANDUNG', 'KIARACONDONG', 'CICAHEUM', NULL, '0.33369213540404075', 'SMA'),
(296, 'SMA MAJALAYA 3', 'KABUPATEN BANDUNG', 'MAJALAYA', 'BOJONG', NULL, '0.8371557014905218', 'SMA'),
(297, 'SMA CIMAHI SELATAN 14', 'KOTA CIMAHI', 'CIMAHI SELATAN', 'MELONG', NULL, '0.14137513138392976', 'SMA'),
(298, 'SMA CINAMBO 16', 'KOTA BANDUNG', 'CINAMBO', 'BABAKAN PENGHULU', NULL, '0.8508244295281735', 'SMA'),
(299, 'SMA CIMAHI SELATAN 14', 'KOTA CIMAHI', 'CIMAHI SELATAN', 'MELONG', '0.9762713904377402', '0.1034319778466275', 'SMA'),
(300, 'SMA RONGGA 15', 'KABUPATEN BANDUNG BARAT', 'RONGGA', 'CICADAS', '0.44481603660127256', '0.17919169872477214', 'SMA'),
(301, 'SMA ASTANAANYAR 18', 'KOTA BANDUNG', 'ASTANAANYAR', 'KARASAK', 'Gg. Ekonomi No. 1', '0.7614269139650418', 'SMA'),
(302, 'SMA PARONGPONG 14', 'KABUPATEN BANDUNG BARAT', 'PARONGPONG', 'CIHANJUANG', 'Ds. Honggowongso No. 234', '0.17350823136387583', 'SMA'),
(303, 'SMA PACET 11', 'KABUPATEN BANDUNG', 'PACET', 'MANDALAHAJI', 'Psr. Sunaryo No. 429', '0.8095403231672207', 'SMA'),
(304, 'SMA SOREANG 15', 'KABUPATEN BANDUNG', 'SOREANG', 'PARUNGSERAB', 'Jln. Pacuan Kuda No. 972', '0.26372124511410844', 'SMA'),
(305, 'SMA CIPARAY 11', 'KABUPATEN BANDUNG', 'CIPARAY', 'CIPARAY', 'Ki. Sutan Syahrir No. 998', '0.006239170276949313', 'SMA'),
(306, 'SMA BANDUNG KULON 11', 'KOTA BANDUNG', 'BANDUNG KULON', 'CIBUNTU', 'Jln. Thamrin No. 122', '0.5284327142754479', 'SMA'),
(307, 'SMA PACET 3', 'KABUPATEN BANDUNG', 'PACET', 'MARUYUNG', 'Jln. Fajar No. 60', '0.39741465270102716', 'SMA'),
(308, 'SMA MARGAHAYU 3', 'KABUPATEN BANDUNG', 'MARGAHAYU', 'SULAEMAN', 'Gg. Cemara No. 889', '0.5452905296738717', 'SMA'),
(309, 'SMA ARJASARI 18', 'KABUPATEN BANDUNG', 'ARJASARI', 'LEBAKWANGI', 'Ds. Basuki Rahmat  No. 43', '0.8161644502800156', 'SMA'),
(310, 'SMA RONGGA 12', 'KABUPATEN BANDUNG BARAT', 'RONGGA', 'CINENGAH', 'Ki. Badak No. 198', '0.2732043160339026', 'SMA'),
(311, 'SMA CIMAHI UTARA 18', 'KOTA CIMAHI', 'CIMAHI UTARA', 'CITEUREUP', 'Gg. Cemara No. 889', '0.734960139921484', 'SMA');

-- --------------------------------------------------------

--
-- Struktur dari tabel `users`
--

CREATE TABLE `users` (
  `id` bigint(20) UNSIGNED NOT NULL,
  `name` varchar(191) COLLATE utf8mb4_unicode_ci NOT NULL,
  `email` varchar(191) COLLATE utf8mb4_unicode_ci NOT NULL,
  `email_verified_at` timestamp NULL DEFAULT NULL,
  `is_admin` tinyint(1) DEFAULT NULL,
  `password` varchar(191) COLLATE utf8mb4_unicode_ci NOT NULL,
  `remember_token` varchar(100) COLLATE utf8mb4_unicode_ci DEFAULT NULL,
  `created_at` timestamp NULL DEFAULT NULL,
  `updated_at` timestamp NULL DEFAULT NULL
) ENGINE=InnoDB DEFAULT CHARSET=utf8mb4 COLLATE=utf8mb4_unicode_ci;

--
-- Dumping data untuk tabel `users`
--

INSERT INTO `users` (`id`, `name`, `email`, `email_verified_at`, `is_admin`, `password`, `remember_token`, `created_at`, `updated_at`) VALUES
(1, 'Admin', 'admin@itsolutionstuff.com', NULL, 1, '$2y$10$BR2s39UORxlBw6tjRLZCG.t9DSLR9CmsGWJaxCNZwKEEjuIrCeV5S', NULL, '2020-02-25 06:31:52', '2020-02-25 06:31:52'),
(2, 'User', 'user@itsolutionstuff.com', NULL, 0, '$2y$10$NyPyyh6.44USWbVWOO1p7ua6690rfG/iV0mtfgKwDF4skqfEaFdYe', NULL, '2020-02-25 06:31:52', '2020-02-25 06:31:52');

--
-- Indexes for dumped tables
--

--
-- Indeks untuk tabel `failed_jobs`
--
ALTER TABLE `failed_jobs`
  ADD PRIMARY KEY (`id`);

--
-- Indeks untuk tabel `guru`
--
ALTER TABLE `guru`
  ADD PRIMARY KEY (`id`),
  ADD UNIQUE KEY `nuptk` (`nuptk`),
  ADD UNIQUE KEY `nip` (`nip`),
  ADD KEY `id_sekolah` (`id_sekolah`),
  ADD KEY `pangkat` (`id_pangkat`) USING BTREE,
  ADD KEY `jabatan` (`id_jabatan`) USING BTREE;

--
-- Indeks untuk tabel `jabatan`
--
ALTER TABLE `jabatan`
  ADD PRIMARY KEY (`id`);

--
-- Indeks untuk tabel `kecamatan`
--
ALTER TABLE `kecamatan`
  ADD PRIMARY KEY (`id`),
  ADD KEY `id_kota` (`id_kota`);

--
-- Indeks untuk tabel `kelurahan`
--
ALTER TABLE `kelurahan`
  ADD PRIMARY KEY (`id`),
  ADD KEY `id_kelurahan` (`id_kecamatan`);

--
-- Indeks untuk tabel `kota`
--
ALTER TABLE `kota`
  ADD PRIMARY KEY (`id`);

--
-- Indeks untuk tabel `migrations`
--
ALTER TABLE `migrations`
  ADD PRIMARY KEY (`id`);

--
-- Indeks untuk tabel `pangkat`
--
ALTER TABLE `pangkat`
  ADD PRIMARY KEY (`id`);

--
-- Indeks untuk tabel `password_resets`
--
ALTER TABLE `password_resets`
  ADD KEY `password_resets_email_index` (`email`);

--
-- Indeks untuk tabel `sekolah`
--
ALTER TABLE `sekolah`
  ADD PRIMARY KEY (`id`);

--
-- Indeks untuk tabel `users`
--
ALTER TABLE `users`
  ADD PRIMARY KEY (`id`),
  ADD UNIQUE KEY `users_email_unique` (`email`);

--
-- AUTO_INCREMENT untuk tabel yang dibuang
--

--
-- AUTO_INCREMENT untuk tabel `failed_jobs`
--
ALTER TABLE `failed_jobs`
  MODIFY `id` bigint(20) UNSIGNED NOT NULL AUTO_INCREMENT;

--
-- AUTO_INCREMENT untuk tabel `guru`
--
ALTER TABLE `guru`
  MODIFY `id` int(11) NOT NULL AUTO_INCREMENT, AUTO_INCREMENT=36;

--
-- AUTO_INCREMENT untuk tabel `jabatan`
--
ALTER TABLE `jabatan`
  MODIFY `id` int(11) NOT NULL AUTO_INCREMENT, AUTO_INCREMENT=6;

--
-- AUTO_INCREMENT untuk tabel `kecamatan`
--
ALTER TABLE `kecamatan`
  MODIFY `id` int(11) NOT NULL AUTO_INCREMENT, AUTO_INCREMENT=10;

--
-- AUTO_INCREMENT untuk tabel `kelurahan`
--
ALTER TABLE `kelurahan`
  MODIFY `id` int(11) NOT NULL AUTO_INCREMENT, AUTO_INCREMENT=11;

--
-- AUTO_INCREMENT untuk tabel `kota`
--
ALTER TABLE `kota`
  MODIFY `id` int(11) NOT NULL AUTO_INCREMENT, AUTO_INCREMENT=14;

--
-- AUTO_INCREMENT untuk tabel `migrations`
--
ALTER TABLE `migrations`
  MODIFY `id` int(10) UNSIGNED NOT NULL AUTO_INCREMENT, AUTO_INCREMENT=4;

--
-- AUTO_INCREMENT untuk tabel `pangkat`
--
ALTER TABLE `pangkat`
  MODIFY `id` int(11) NOT NULL AUTO_INCREMENT, AUTO_INCREMENT=10;

--
-- AUTO_INCREMENT untuk tabel `sekolah`
--
ALTER TABLE `sekolah`
  MODIFY `id` int(11) NOT NULL AUTO_INCREMENT, AUTO_INCREMENT=312;

--
-- AUTO_INCREMENT untuk tabel `users`
--
ALTER TABLE `users`
  MODIFY `id` bigint(20) UNSIGNED NOT NULL AUTO_INCREMENT, AUTO_INCREMENT=3;

--
-- Ketidakleluasaan untuk tabel pelimpahan (Dumped Tables)
--

--
-- Ketidakleluasaan untuk tabel `guru`
--
ALTER TABLE `guru`
  ADD CONSTRAINT `guru_ibfk_1` FOREIGN KEY (`id_sekolah`) REFERENCES `sekolah` (`id`) ON DELETE CASCADE ON UPDATE CASCADE,
  ADD CONSTRAINT `guru_ibfk_2` FOREIGN KEY (`id_jabatan`) REFERENCES `jabatan` (`id`),
  ADD CONSTRAINT `guru_ibfk_3` FOREIGN KEY (`id_pangkat`) REFERENCES `pangkat` (`id`);

--
-- Ketidakleluasaan untuk tabel `kecamatan`
--
ALTER TABLE `kecamatan`
  ADD CONSTRAINT `kecamatan_ibfk_1` FOREIGN KEY (`id_kota`) REFERENCES `kota` (`id`);

--
-- Ketidakleluasaan untuk tabel `kelurahan`
--
ALTER TABLE `kelurahan`
  ADD CONSTRAINT `kelurahan_ibfk_1` FOREIGN KEY (`id_kecamatan`) REFERENCES `kecamatan` (`id`);
COMMIT;

/*!40101 SET CHARACTER_SET_CLIENT=@OLD_CHARACTER_SET_CLIENT */;
/*!40101 SET CHARACTER_SET_RESULTS=@OLD_CHARACTER_SET_RESULTS */;
/*!40101 SET COLLATION_CONNECTION=@OLD_COLLATION_CONNECTION */;
